Total hits: 218, link: https://www.tesla.com/about/legal
Total hits: 175, link: https://www.tesla.com/findus/list
Total hits: 31, link: https://www.tesla.com/support/delivery-options
Total hits: 28, link: https://www.tesla.com/blog
Total hits: 14, link: https://forums.tesla.com
Total hits: 13, link: https://www.tesla.com/support
Total hits: 11, link: https://www.tesla.com/modely
Total hits: 10, link: https://www.tesla.com/model3
Total hits: 8, link: https://www.tesla.com/semi
Total hits: 7, link: https://www.tesla.com/zh_hk?redirect=no
